"sector_level_1","environmental_correlation","social_correlation","goverance_correlation"
"Communication Services",0.306971197833877,0.239777278066979,-0.308826089477367
"Consumer Discretionary",-0.109068816928555,0.220277658005794,-0.0496821076547926
"Consumer Staples",0.214569636701728,0.261843712915606,-0.019985411792594
"Energy",0.225526480016109,-0.0272824042473993,0.0584882412742849
"Financials",0.0929933540100568,0.130804025369291,-0.0336434279022096
"Health Care",0.134229303087344,0.194442748380857,0.0225877011879323
"Industrials",0.0775392403960125,0.208665362110005,-0.0317706487562133
"Information Technology",-0.0298681598799467,0.165912216552457,-0.164723683739357
"Materials",0.117145482357978,-0.105680324264287,0.030653856696264
"Real Estate",0.274065804883037,-0.149229739371511,-0.319570169356543
"Utilities",0.503214010762021,0.270245137998241,-0.131301244399918
